ts	phase	decision	why	evidence	result
2026-09-05T04:44:10Z	kickoff	use GOAL and PLAN as SoT because /workspace/cyc-item-record-wms-receive-ledger-goal-loop.md is missing	searched workspace and home, zero hits	glob cyc-item-record-wms-receive-ledger-goal-loop.md	open
2026-09-05T04:44:10Z	kickoff	write the named next paste at docs/todo/cyc-item-record-wms-receive-ledger-goal-loop.md	operator asked for that workspace file and named the next paste Hop 1 /clarify	docs/todo/cyc-item-record-wms-receive-ledger-goal-loop.md	open
2026-09-05T04:44:10Z	kickoff	name next paste exactly Hop 1 /clarify	operator done predicate, one Impeccable command per session	docs/todo/cyc-item-record-wms-receive-ledger-goal-loop.md	open
2026-09-05T04:44:10Z	hop-1	sequence hop 1 as /clarify on ItemRecordQtyBadge, item-record-types, PoLineRow quantity map, receiving-line-item-record, serial-unit-item-record, PoLineBadges	DONE WHEN dual got/listed plus remaining, live Unbox never emerald 1/1, serial-unit 1/1 stays one physical unit, not color-only done	docs/todo/item-record-wms-receive-ledger-PLAN.md §4 hop 1	open
2026-09-05T04:44:10Z	hop-2	sequence hop 2 as /harden on PoLineRow qtyAction, receiveState paint, BulkQuantityPanel, carton GR gate, WeldedFeedbackPanel copy	DONE WHEN line Received, Not received, and Short remaining exist on Unbox only, search pack shipped omit receiveState	docs/todo/item-record-wms-receive-ledger-PLAN.md §4 hop 2	open
2026-09-05T04:44:10Z	hop-3	sequence hop 3 as /normalize on ItemRecordMetaGrid and the PoLineMetaGrid door	DONE WHEN track order is qty, price, condition, sku, serial, location on every host that mounts the desk six-track	docs/todo/item-record-wms-receive-ledger-PLAN.md §4 hop 3	open
2026-09-05T04:44:10Z	hop-4	sequence hop 4 as /bolder on ItemRecordRow idle vs receiveState and station-depths default mill	DONE WHEN Open Partial and exception heat, Received recedes, default mill, no box-shadow	docs/todo/item-record-wms-receive-ledger-PLAN.md §4 hop 4	open
2026-09-05T04:44:10Z	hop-5	sequence hop 5 as /distill on PoLinesAccordion header and Unbox carton chrome that repeats line price	DONE WHEN Items band is a receive meter such as 2 lines · 1 received · 1 open, Claim stays	docs/todo/item-record-wms-receive-ledger-PLAN.md §4 hop 5	open
2026-09-05T04:44:10Z	hop-6	sequence hop 6 as /critique on edited item-record files plus Unbox Items, search order, search unit, Pack checklist, shipped product detail	DONE WHEN critique defects that violate this plan are fixed, then eval:station unbox and eval:station pack	docs/todo/item-record-wms-receive-ledger-PLAN.md §4 hop 6	open
2026-09-05T04:44:10Z	done-when	whole plan stops only when PLAN §8 is true	Unbox two-line carton shows listed vs got vs remaining, Open is not emerald 1/1, operator can mark Received and SHORT without carton GR, track order holds on Unbox Testing Search shipped Pack, mill bevel, Items band is a meter, forks absorbed, verify:fast green, no new grid family, overlay visibility kept	docs/todo/item-record-wms-receive-ledger-PLAN.md §8	open
2026-09-05T04:44:10Z	kickoff	do not implement hops in this run, commit kickoff note and decisions only	user hard constraint, no UI or product code this turn	git status scoped to docs/todo/item-record-wms-receive-ledger-* docs/warehouse-os/GOAL-item-record-wms-receive-ledger.md docs/todo/cyc-item-record-wms-receive-ledger-goal-loop.md	open
2026-09-05T04:44:10Z	kickoff	Host JSON stays human-committed, agents never write docs/eval/goals	PLAN §9 and AGENTS.md, Host only sees HEAD	docs/todo/item-record-wms-receive-ledger-PLAN.md §10	open
2026-09-05T04:44:10Z	kickoff	keep PLAN.md as overnight hop SoT, skip a pstack PR skeleton	one hop per session, Impeccable commands, stacked PRs would start hop N+1	playbooks/multi-phase-plan.md step 4 skip	open
2026-09-05T04:45:50Z	kickoff	committed plan note, GOAL, Hop 1 paste, and decisions trail at 6d5043c88	predicate moved, artifacts exist in git, no product code in the commit	git show 6d5043c88 --stat	plan committed
2026-09-05T16:44:41Z	hop-1	verify:fast red is TaskMorphingRowActionMenu heading plus TasksWorkbench onStateOpen, not hop 1 files; continue per overnight override	user said unrelated verify:fast red must not halt; hop 1 does not own src/features/tasks	cursor-eval --fast typecheck TS2322 TaskMorphingRowActionMenu.tsx TasksWorkbench.tsx	noted continue
2026-09-05T16:44:41Z	hop-1	ship receivingQty plus ItemRecordQtyBadge receive face; kill door-scan counted=expected on live Unbox; serial-unit 1/1 omits receive	PLAN §4 hop 1 /clarify; Open must not read as complete; remaining is the non-color cue	src/lib/item-record/receiving-qty.ts ItemRecordQtyBadge.tsx PoLineRow.tsx	hop 1 tests 41 pass; critique clean on qty badge
2026-09-05T16:44:41Z	abort	move_agent_to_root and move_agent_to_cloned_root abort; keep working in the worktree cwd and never call those again	Cursor confirmation on workspace-root MCP; shell was already in .worktrees/item-record-wms-receive-ledger	CallDynamicTool cursor-app-control move_agent_to_root aborted	identified
2026-09-05T17:01:30Z	hop-2	verify:fast red is still TaskMorphingRowActionMenu heading plus TasksWorkbench onStateOpen; hop 2 does not own src/features/tasks	user said unrelated verify:fast red must not halt	cursor-eval --fast typecheck TS2322 TaskMorphingRowActionMenu.tsx TasksWorkbench.tsx	noted continue
2026-09-05T17:01:30Z	hop-2	exclusive receiveState union plus qtyMenu Received/Not received/SHORT leftover OS&D; carton GR blocked until remaining 0 or SHORT/OVER/WRONG_ITEM/DAMAGED; mouth copy on WeldedFeedbackPanel via receiving-line-osd	PLAN §4 hop 2 /harden and §3 line states; search pack shipped omit receiveState	src/lib/item-record/receive-state.ts PoLineRow.tsx ItemRecordRow.tsx carton-readiness.ts	hop-2 unit tests 44 pass
2026-09-05T17:01:30Z	hop-2	eval:station unbox tripwire critique graph green; verify:fast false is the inherited tasks typecheck	Unbox workspace moved; CI=true; do not write LEDGER.md	pnpm eval:station unbox ok=false verify=false tripwire=true critique=true graph=true	noted continue
2026-09-05T17:01:30Z	hop-2	architect skipped: PLAN already locked exclusive receiveState plus qtyMenu plus cartonLinesReadyForGr	one obvious shape from PLAN §3; dirty sketch adapted, hop 3-6 dropped	playbooks/feature.md step 2	skip
2026-09-05T17:01:30Z	hop-2	writable PoLineRow (Unbox and Testing) share qtyMenu because one-face law; Arrival readOnly omits it; search pack shipped never set receiveState	PLAN hosts Unbox Testing Arrival on PoLineRow; user Unbox-only means omit search pack shipped verbs	PoLineRow.tsx qtyMenu !readOnly	open
2026-09-05T17:06:12Z	hop-3	reorder ItemRecordMetaGrid to qty price condition sku serial location; PoLineMetaGrid passes location so the door cannot drop a track	PLAN §2 locked scan path; phone ItemRecordMobileMeta stays the cluster	ItemRecordMetaGrid.tsx PoLineMetaGrid.tsx ItemRecordMetaGrid.test.ts	hop 3 track tests pass; packing StationBandStack assert is inherited red not this hop
2026-09-05T17:15:15Z	hop-4	default station depth mill; Open Partial exception heat via outline; Received recedes; meta column rules outline not box-shadow	PLAN §4 hop 4 /bolder; grain stays Deep-only; hop 4 agent stalled after first read so this tick finished the commit	station-depths.ts item-record-row-paint.ts ItemRecordRow.tsx ItemRecordMetaGrid.tsx	27 hop-4 tests pass; critique size heuristic on ItemRecordRow not split
2026-09-05T17:19:02Z	hop-4	verify:fast red is TaskMorphingRowActionMenu heading plus TasksWorkbench onStateOpen; hop 4 does not own src/features/tasks	user said unrelated verify:fast red must not halt	cursor-eval --fast typecheck TS2322 TaskMorphingRowActionMenu.tsx TasksWorkbench.tsx	noted continue
2026-09-05T17:19:03Z	hop-4	packing-display-layout StationBandStack assert stays red; do not change PackOrderPanel	inherited fail, hop 4 must not fix Pack	src/components/packing/packing-display-layout.test.ts PackOrderPanel.tsx	noted continue
2026-09-05T17:19:03Z	hop-4	skip eval:station unbox this hop because Unbox workspace files were not moved	user gate is workspace moved; ItemRecordRow paint is the shared face Unbox already mounts	no UnboxLineWorkspace diff in 2d8e5ed8f	skip
2026-09-05T17:19:03Z	hop-4	architect skipped: PLAN locked mill default, outline column rules, heat and recede, no box-shadow	one obvious /bolder shape from PLAN section 4 hop 4	playbooks/feature.md step 2	skip
2026-09-05T17:19:03Z	hop-4	leave ItemRecordRow size heuristic for hop 6; do not fork a second row to silence 518 lines	critique size is not a plan violation; one face law forbids a new *Row	ds_critique ItemRecordRow.tsx 518 lines	open
2026-09-05T17:19:14Z	hop-4	hop-4 unit surface is 36 passing tests including disclosure mill catalog meta outline and receive heat	prove the mill default and heat table against HEAD 2d8e5ed8f	node --import tsx --test station-depths.test.ts scan-depth.test.ts ItemRecordMetaGrid.test.ts item-record-row-paint.test.ts item-record-disclosure.test.ts	tests green
